algoritmo,accuracy_promedio,accuracy_desviacion_estandar,error_promedio,error_desviacion_estandar,error_balanceado_promedio,error_balanceado_desviacion_estandar,balanced_accuracy_promedio,balanced_accuracy_desviacion_estandar,fitness_promedio,fitness_desviacion_estandar,reglas_promedio,duplicados_promedio,tiempo_total_ms_promedio
AG_PITTSBURGH_MICHIGAN,0.33201581027667987,0.0,0.6679841897233201,0.0,0.6666666666666667,0.0,0.3333333333333333,0.0,0.32666666666666666,0.0,5.0,0.0,340.5
PRISM_ESTOCASTICO,0.35177865612648224,0.0,0.6482213438735178,0.0,0.6429576781207533,0.0,0.3570423218792467,0.0,0.3499014754416618,0.0,3.0,0.0,327.5
RIPPER,0.5059288537549407,0.006987221157969875,0.49407114624505927,0.006987221157969875,0.4969073850662378,0.0018609836441286992,0.5030926149337622,0.0018609836441286992,0.49014077905544823,0.004563947885203843,25.0,4.0,1606.0
