algoritmo,accuracy_promedio,accuracy_desviacion_estandar,error_promedio,error_desviacion_estandar,error_balanceado_promedio,error_balanceado_desviacion_estandar,balanced_accuracy_promedio,balanced_accuracy_desviacion_estandar
AG_MICHIGAN_BINARIO,0.5120553359683793,0.01049969252189747,0.4879446640316205,0.010499692521897475,0.4728905506096829,0.006258010200966258,0.5271094493903171,0.006258010200966258
PRISM_ESTOCASTICO,0.3627470355731225,0.014091265771698577,0.6372529644268774,0.014091265771698584,0.635485770215677,0.008977849827460496,0.364514229784323,0.008977849827460506
RIPPER,0.5373517786561264,0.02017614435112686,0.4626482213438735,0.02017614435112686,0.46187711470726905,0.018835055158095096,0.538122885292731,0.01883505515809509
