{
  "tabla_resumen": [
    {
      "algoritmo": "AG_MICHIGAN_BINARIO",
      "accuracy_promedio": 0.5120553359683793,
      "accuracy_desviacion_estandar": 0.01049969252189747,
      "error_promedio": 0.4879446640316205,
      "error_desviacion_estandar": 0.010499692521897475,
      "error_balanceado_promedio": 0.4728905506096829,
      "error_balanceado_desviacion_estandar": 0.006258010200966258,
      "balanced_accuracy_promedio": 0.5271094493903171,
      "balanced_accuracy_desviacion_estandar": 0.006258010200966258
    },
    {
      "algoritmo": "PRISM_ESTOCASTICO",
      "accuracy_promedio": 0.3627470355731225,
      "accuracy_desviacion_estandar": 0.014091265771698577,
      "error_promedio": 0.6372529644268774,
      "error_desviacion_estandar": 0.014091265771698584,
      "error_balanceado_promedio": 0.635485770215677,
      "error_balanceado_desviacion_estandar": 0.008977849827460496,
      "balanced_accuracy_promedio": 0.364514229784323,
      "balanced_accuracy_desviacion_estandar": 0.008977849827460506
    },
    {
      "algoritmo": "RIPPER",
      "accuracy_promedio": 0.5373517786561264,
      "accuracy_desviacion_estandar": 0.02017614435112686,
      "error_promedio": 0.4626482213438735,
      "error_desviacion_estandar": 0.02017614435112686,
      "error_balanceado_promedio": 0.46187711470726905,
      "error_balanceado_desviacion_estandar": 0.018835055158095096,
      "balanced_accuracy_promedio": 0.538122885292731,
      "balanced_accuracy_desviacion_estandar": 0.01883505515809509
    }
  ]
}