{
  "tabla_resumen": [
    {
      "algoritmo": "AG_PITTSBURGH_MICHIGAN",
      "accuracy_promedio": 0.5679841897233201,
      "accuracy_desviacion_estandar": 0.011845349291297227,
      "error_promedio": 0.4320158102766799,
      "error_desviacion_estandar": 0.011845349291297227,
      "balanced_accuracy_promedio": 0.5942136755692375,
      "balanced_accuracy_desviacion_estandar": 0.007641117000944414,
      "fitness_promedio": 0.5700250542317659,
      "fitness_desviacion_estandar": 0.008240396162672749,
      "reglas_promedio": 368.0,
      "duplicados_promedio": 226.4,
      "tiempo_total_ms_promedio": 3495884.0
    },
    {
      "algoritmo": "PRISM_ESTOCASTICO",
      "accuracy_promedio": 0.3523715415019763,
      "accuracy_desviacion_estandar": 0.001926243941661851,
      "error_promedio": 0.6476284584980239,
      "error_desviacion_estandar": 0.0019262439416618394,
      "balanced_accuracy_promedio": 0.3575373713841973,
      "balanced_accuracy_desviacion_estandar": 0.0016083819050840011,
      "fitness_promedio": 0.35038662395651327,
      "fitness_desviacion_estandar": 0.0015762142669823096,
      "reglas_promedio": 3.2,
      "duplicados_promedio": 0.0,
      "tiempo_total_ms_promedio": 31301.4
    },
    {
      "algoritmo": "RIPPER",
      "accuracy_promedio": 0.5274703557312254,
      "accuracy_desviacion_estandar": 0.023136038754977495,
      "error_promedio": 0.47252964426877464,
      "error_desviacion_estandar": 0.023136038754977495,
      "balanced_accuracy_promedio": 0.5272107357794604,
      "balanced_accuracy_desviacion_estandar": 0.026699485681248098,
      "fitness_promedio": 0.5140815286439641,
      "fitness_desviacion_estandar": 0.027021231723524813,
      "reglas_promedio": 31.2,
      "duplicados_promedio": 4.2,
      "tiempo_total_ms_promedio": 4166.0
    }
  ],
  "mejores_iteraciones": {
    "AG_PITTSBURGH_MICHIGAN": {
      "iteracion": 4,
      "accuracy": 0.5849802371541502,
      "error_clasificacion": 0.41501976284584985,
      "fitness": 0.5806165082620793
    },
    "PRISM_ESTOCASTICO": {
      "iteracion": 5,
      "accuracy": 0.3557312252964427,
      "error_clasificacion": 0.6442687747035574,
      "fitness": 0.35313579887400504
    },
    "RIPPER": {
      "iteracion": 1,
      "accuracy": 0.5573122529644269,
      "error_clasificacion": 0.4426877470355731,
      "fitness": 0.5469175888177054
    }
  },
  "peores_iteraciones": {
    "AG_PITTSBURGH_MICHIGAN": {
      "iteracion": 2,
      "accuracy": 0.5573122529644269,
      "error_clasificacion": 0.4426877470355731,
      "fitness": 0.5606894362709929
    },
    "PRISM_ESTOCASTICO": {
      "iteracion": 4,
      "accuracy": 0.35079051383399207,
      "error_clasificacion": 0.6492094861660079,
      "fitness": 0.349092894583576
    },
    "RIPPER": {
      "iteracion": 3,
      "accuracy": 0.5079051383399209,
      "error_clasificacion": 0.4920948616600791,
      "fitness": 0.4868317640587587
    }
  }
}