algoritmo,accuracy_promedio,accuracy_desviacion_estandar,error_promedio,error_desviacion_estandar,error_balanceado_promedio,error_balanceado_desviacion_estandar,balanced_accuracy_promedio,balanced_accuracy_desviacion_estandar
AG_MICHIGAN_BINARIO,0.4545454545454546,0.01956421924231555,0.5454545454545454,0.019564219242315512,0.5527082119976704,0.03839305269068305,0.4472917880023296,0.03839305269068309
PRISM_ESTOCASTICO,0.34980237154150196,0.0,0.650197628458498,0.0,0.6446078431372548,0.0,0.3553921568627451,0.0
RIPPER,0.5182806324110671,0.021660385589706527,0.4817193675889328,0.021660385589706527,0.47224648935481783,0.023421020501278148,0.5277535106451822,0.023421020501278148
