algorithm,ba_test_mean,ba_test_std,fitness_test_mean,f1_macro_mean,active_rules_mean,coverage_mean,runtime_ms_mean
GENETIC_ALGORITHM,0.4781898367220314,0.024095757753566878,0.4676342811664758,0.42043827339190143,6.333333333333333,0.24671052631578946,227634.66666666666
PRISM,0.4814490318211422,0.01804459774214155,0.4708934762655866,0.40731990780502364,6.333333333333333,0.15789473684210528,18011.666666666668
RIPPER,0.6519257247232484,0.026734575495524927,0.6069257247232485,0.6406290011677616,27.0,0.9440789473684211,1119.0
