algoritmo,accuracy_promedio,accuracy_desviacion_estandar,error_promedio,error_desviacion_estandar,balanced_accuracy_promedio,balanced_accuracy_desviacion_estandar,fitness_promedio,fitness_desviacion_estandar,reglas_promedio,duplicados_promedio,tiempo_total_ms_promedio
AG_PITTSBURGH_MICHIGAN,0.5679841897233201,0.011845349291297227,0.4320158102766799,0.011845349291297227,0.5942136755692375,0.007641117000944414,0.5700250542317659,0.008240396162672749,368.0,226.4,3495884.0
PRISM_ESTOCASTICO,0.3523715415019763,0.001926243941661851,0.6476284584980239,0.0019262439416618394,0.3575373713841973,0.0016083819050840011,0.35038662395651327,0.0015762142669823096,3.2,0.0,31301.4
RIPPER,0.5274703557312254,0.023136038754977495,0.47252964426877464,0.023136038754977495,0.5272107357794604,0.026699485681248098,0.5140815286439641,0.027021231723524813,31.2,4.2,4166.0
