algorithm,ba_test_mean,ba_test_std,fitness_test_mean,f1_macro_mean,active_rules_mean,coverage_mean,runtime_ms_mean
GENETIC_ALGORITHM,0.4855552074054412,0.029123196245686038,0.4711107629609968,0.42626088624574315,8.666666666666666,0.2817982456140351,202181.0
PRISM,0.4814490318211422,0.01804459774214155,0.45589347626558663,0.40731990780502364,15.333333333333334,0.15789473684210528,17448.666666666668
RIPPER,0.6266663251691023,0.033477956436936164,0.5811107696135468,0.6130958639350174,27.333333333333332,0.913377192982456,978.3333333333334
