{
  "tabla_resumen": [
    {
      "algoritmo": "AG_MICHIGAN_BINARIO",
      "accuracy_promedio": 0.4936758893280633,
      "accuracy_desviacion_estandar": 0.022251743187317687,
      "error_promedio": 0.5063241106719367,
      "error_desviacion_estandar": 0.02225174318731767,
      "error_balanceado_promedio": 0.49674924425215644,
      "error_balanceado_desviacion_estandar": 0.01643265633162268,
      "balanced_accuracy_promedio": 0.5032507557478436,
      "balanced_accuracy_desviacion_estandar": 0.01643265633162268
    },
    {
      "algoritmo": "PRISM_ESTOCASTICO",
      "accuracy_promedio": 0.03078063241106719,
      "accuracy_desviacion_estandar": 0.011286038546034872,
      "error_promedio": 0.969219367588933,
      "error_desviacion_estandar": 0.011286038546034879,
      "error_balanceado_promedio": 0.9661562479777388,
      "error_balanceado_desviacion_estandar": 0.009793648799939027,
      "balanced_accuracy_promedio": 0.03384375202226105,
      "balanced_accuracy_desviacion_estandar": 0.009793648799939027
    },
    {
      "algoritmo": "RIPPER",
      "accuracy_promedio": 0.38764822134387356,
      "accuracy_desviacion_estandar": 0.040714517144816297,
      "error_promedio": 0.6123517786561266,
      "error_desviacion_estandar": 0.040714517144816297,
      "error_balanceado_promedio": 0.6124402855201486,
      "error_balanceado_desviacion_estandar": 0.03908679668767304,
      "balanced_accuracy_promedio": 0.3875597144798513,
      "balanced_accuracy_desviacion_estandar": 0.03908679668767304
    }
  ]
}