algoritmo,accuracy_promedio,accuracy_desviacion_estandar,error_promedio,error_desviacion_estandar,error_balanceado_promedio,error_balanceado_desviacion_estandar,balanced_accuracy_promedio,balanced_accuracy_desviacion_estandar,fitness_promedio,fitness_desviacion_estandar,reglas_promedio,duplicados_promedio,mejor_iteracion,mejor_balanced_accuracy,mejor_accuracy,mejor_fitness
AG_MICHIGAN_BINARIO,0.33201581027667987,0.0,0.6679841897233201,0.0,0.6666666666666667,0.0,0.3333333333333333,0.0,0.32666666666666666,0.0,10.0,0.0,1,0.3333333333333333,0.33201581027667987,0.32666666666666666
PRISM_ESTOCASTICO,0.383399209486166,0.0,0.616600790513834,0.0,0.6010073171182664,0.0,0.39899268288173356,0.0,0.39101282922409886,0.0,3.0,0.0,1,0.39899268288173356,0.383399209486166,0.39101282922409886
RIPPER,0.5335968379446641,0.0,0.46640316205533594,0.0,0.4592208170396872,0.0,0.5407791829603128,0.0,0.5299635993011065,0.0,24.0,2.0,1,0.5407791829603128,0.5335968379446641,0.5299635993011065
