{
  "criterio": "top 30 por clase ordenado por precision*recall individual; desempate por f1, precision, tp y menos activaciones",
  "reglas": 90,
  "reglas_por_clase": {
    "low risk": 30,
    "mid risk": 30,
    "high risk": 30
  },
  "metricas": {
    "accuracy": 0.5444664031620553,
    "error_clasificacion": 0.4555335968379447,
    "errores": 461,
    "aciertos": 551,
    "total": 1012,
    "sin_activacion": 67,
    "balanced_accuracy": 0.528079383568609,
    "error_balanceado": 0.47192061643139105
  },
  "matriz_confusion": {
    "etiquetas": [
      "low risk",
      "mid risk",
      "high risk",
      "__sin_activacion__"
    ],
    "matriz": [
      [
        297,
        77,
        0,
        30
      ],
      [
        188,
        121,
        13,
        14
      ],
      [
        26,
        90,
        133,
        23
      ],
      [
        0,
        0,
        0,
        0
      ]
    ]
  },
  "reglas_seleccionadas": [
    "R165",
    "R107",
    "R106",
    "R047",
    "R101",
    "R168",
    "R158",
    "R122",
    "R097",
    "R048",
    "R146",
    "R026",
    "R013",
    "R096",
    "R059",
    "R118",
    "R022",
    "R049",
    "R004",
    "R148",
    "R127",
    "R051",
    "R110",
    "R060",
    "R152",
    "R105",
    "R116",
    "R143",
    "R069",
    "R129",
    "R072",
    "R102",
    "R115",
    "R036",
    "R031",
    "R023",
    "R126",
    "R098",
    "R039",
    "R038",
    "R133",
    "R074",
    "R010",
    "R040",
    "R160",
    "R163",
    "R085",
    "R067",
    "R034",
    "R159",
    "R079",
    "R063",
    "R150",
    "R139",
    "R170",
    "R135",
    "R075",
    "R002",
    "R138",
    "R142",
    "R001",
    "R017",
    "R014",
    "R050",
    "R011",
    "R043",
    "R078",
    "R103",
    "R055",
    "R091",
    "R058",
    "R090",
    "R054",
    "R030",
    "R089",
    "R093",
    "R172",
    "R019",
    "R028",
    "R016",
    "R086",
    "R003",
    "R006",
    "R027",
    "R155",
    "R080",
    "R134",
    "R015",
    "R092",
    "R057"
  ]
}