{
  "reglas": 35,
  "frontera": {
    "limite_inferior": 36.95,
    "limite_superior": 42.97,
    "corte": 39.92,
    "delta_subir": 3.049999999999997,
    "delta_bajar": 2.969999999999999
  },
  "antes": {
    "accuracy": 0.4723320158102767,
    "balanced_accuracy": 0.4737845633302826,
    "aciertos": 478,
    "errores": 534,
    "total": 1012,
    "sin_activacion": 318,
    "matriz_confusion": {
      "etiquetas": [
        "low risk",
        "mid risk",
        "high risk",
        "__sin_activacion__"
      ],
      "matriz": [
        [
          222,
          40,
          21,
          121
        ],
        [
          98,
          99,
          34,
          105
        ],
        [
          14,
          9,
          157,
          92
        ],
        [
          0,
          0,
          0,
          0
        ]
      ]
    }
  },
  "despues": {
    "accuracy": 0.4762845849802372,
    "balanced_accuracy": 0.4774188553309113,
    "aciertos": 482,
    "errores": 530,
    "total": 1012,
    "sin_activacion": 318,
    "matriz_confusion": {
      "etiquetas": [
        "low risk",
        "mid risk",
        "high risk",
        "__sin_activacion__"
      ],
      "matriz": [
        [
          224,
          38,
          21,
          121
        ],
        [
          96,
          101,
          34,
          105
        ],
        [
          14,
          9,
          157,
          92
        ],
        [
          0,
          0,
          0,
          0
        ]
      ]
    }
  },
  "delta": {
    "accuracy": 0.003952569169960507,
    "balanced_accuracy": 0.003634292000628647,
    "aciertos": 4
  },
  "casos_postprocesados": 4
}