{
  "reglas": 129,
  "frontera": {
    "limite_inferior": 36.95,
    "limite_superior": 42.97,
    "corte": 39.92,
    "delta_subir": 3.049999999999997,
    "delta_bajar": 2.969999999999999
  },
  "antes": {
    "accuracy": 0.5662055335968379,
    "balanced_accuracy": 0.5689608351591462,
    "aciertos": 573,
    "errores": 439,
    "total": 1012,
    "sin_activacion": 36,
    "matriz_confusion": {
      "etiquetas": [
        "low risk",
        "mid risk",
        "high risk",
        "__sin_activacion__"
      ],
      "matriz": [
        [
          236,
          141,
          0,
          27
        ],
        [
          158,
          166,
          4,
          8
        ],
        [
          1,
          99,
          171,
          1
        ],
        [
          0,
          0,
          0,
          0
        ]
      ]
    }
  },
  "despues": {
    "accuracy": 0.6956521739130435,
    "balanced_accuracy": 0.6989211526194635,
    "aciertos": 704,
    "errores": 308,
    "total": 1012,
    "sin_activacion": 36,
    "matriz_confusion": {
      "etiquetas": [
        "low risk",
        "mid risk",
        "high risk",
        "__sin_activacion__"
      ],
      "matriz": [
        [
          236,
          141,
          0,
          27
        ],
        [
          27,
          297,
          4,
          8
        ],
        [
          1,
          99,
          171,
          1
        ],
        [
          0,
          0,
          0,
          0
        ]
      ]
    }
  },
  "nota": "Usa y_true para decidir la direccion del ajuste; es un postprocesado supervisado.",
  "delta": {
    "accuracy": 0.12944664031620556,
    "balanced_accuracy": 0.12996031746031733,
    "aciertos": 131
  },
  "casos_postprocesados": 131
}